Handle,Title,Tags,Option1 Name,Option1 Value
modular-armchair-for-child-cow,"Modular Kids’ Armchair: Cow Print","Age 1+, Cow Collection, Cozy Corner, Furniture, Kids' Room",Title,Default Title
bean-bag-for-kids-square-cow,"Square Kids’ Bean Bag: Cow Print","Age 1+, Cow Collection, Cozy Corner, Furniture, Kids' Room",Title,Default Title
bean-bag-for-kids-round-cow,"Round Kids’ Bean Bag: Cow Print","Age 1+, Cow Collection, Cozy Corner, Furniture, Kids' Room",Title,Default Title
foam-round-ball-pit-90x30cm-cow-200-balls,"Round Foam Ball Pit, 90 × 30 cm: Cow Print, 200 Balls","Age 1+, Active Play, Cow Collection, Kids' Room, Sensory Play",Title,Default Title
cocoon-swing-for-kids-cow,"Kids’ Cocoon Swing: Cow Print","Age 3+, Cow Collection, Cozy Corner, Kids' Room, Sensory Play, Swing",Title,Default Title
cocoon-swing-for-kids-graphite-shadow,"Kids’ Cocoon Swing: Graphite Grey","Age 3+, Cozy Corner, Kids' Room, Sensory Play, Swing",Title,Default Title
cocoon-swing-for-kids-stone-whisper,"Kids’ Cocoon Swing: Stone Grey","Age 3+, Cozy Corner, Kids' Room, Sensory Play, Swing",Title,Default Title
cocoon-swing-for-kids-cotton-cloud-white,"Kids’ Cocoon Swing: Cloud White","Age 3+, Cozy Corner, Kids' Room, Sensory Play, Swing",Title,Default Title
cocoon-swing-for-kids-frosty-mist,"Kids’ Cocoon Swing: Frosty Mist","Age 3+, Cozy Corner, Kids' Room, Sensory Play, Swing",Title,Default Title
cocoon-swing-for-kids-sage-meadow-green,"Kids’ Cocoon Swing: Sage Green","Age 3+, Cozy Corner, Kids' Room, Sensory Play, Swing",Title,Default Title
wooden-ice-cream-shop-with-cart,"Wooden Ice Cream Cart: 3-in-1 Play Set","Age 3+, Colorful, Imaginative Play, Pretend Play, Role Play, Wooden Toys",Title,Default Title
car-shaped-wooden-threading-blocks,"Wooden Vehicle Threading Toy","Age 2+, Fine Motor Skills, Sensory & Activity, Sensory Play, Travel Toy, Vehicles, Wooden Toys",Title,Default Title
montessori-4in1-ball-track-activity-tree,"Montessori-Inspired 4-in-1 Wooden Activity Tree with Ball Track","Age 1+, Activity Center, FSC Wood, Montessori, Sensory & Activity, Sensory Play, Wooden Toys",Title,Default Title
safari-animal-shaped-wooden-threading-blocks,"Wooden Safari Animal Threading Toy","Age 2+, Animals, Fine Motor Skills, Sensory & Activity, Sensory Play, Travel Toy, Wooden Toys",Title,Default Title
wooden-construction-site-with-vehicles,"Wooden Construction Site with Crane and Vehicles: 13 Pieces","Age 3+, FSC Wood, Imaginative Play, Pretend Play, Vehicles, Wooden Toys",Title,Default Title
farm-set-18-pcs,"Wooden Farm Play Set: 18 Pieces","Age 3+, Animals, Imaginative Play, Pretend Play, Wooden Toys",Title,Default Title
wooden-educational-table-musical-sensory-maze-5in1,"Wooden 5-in-1 Musical Activity Table","Age 1+, Activity Center, Music, Sensory & Activity, Sensory Play, Wooden Toys",Title,Default Title
wooden-montessori-shape-puzzle,"Montessori-Inspired Wooden Shape Puzzle with Cards","Age 3+, Montessori, Open-Ended Play, Puzzles, Wooden Toys",Title,Default Title
wooden-coffee-maker,"Wooden Coffee Maker Play Set: 25 Pieces","Age 3+, Imaginative Play, Pretend Play, Role Play, Wooden Toys",Title,Default Title
large-multifunctional-wooden-food-truck-stand-73-pcs,"Large Wooden Food Truck Play Stand: 73 Pieces","Age 3+, Imaginative Play, Pretend Play, Role Play, Wooden Toys",Title,Default Title
sensory-puzzle-memory-shapes,"Wooden Sensory Shape Memory Game","Age 3+, Games, Memory, Montessori, Sensory Play, Wooden Toys",Title,Default Title
